,month_apr,month_aug,month_feb,month_jul,month_jun,month_mar,month_oct,month_sep,day_fri,day_mon,day_sat,day_sun,day_thu,day_tue,day_wed,X,Y,FFMC,DMC,DC,ISI,temp,RH,wind,rain,area
0,0.0,0.0,0.0,0.0,0.0,1.0,0.0,0.0,1.0,0.0,0.0,0.0,0.0,0.0,0.0,7.0,5.0,86.2,26.2,94.3,5.1,8.2,51.0,6.7,0.0,0.0
1,0.0,0.0,0.0,0.0,0.0,0.0,1.0,0.0,0.0,0.0,0.0,0.0,0.0,1.0,0.0,7.0,4.0,90.6,35.4,669.1,6.7,18.0,33.0,0.9,0.0,0.0
2,0.0,0.0,0.0,0.0,0.0,0.0,1.0,0.0,0.0,0.0,1.0,0.0,0.0,0.0,0.0,7.0,4.0,90.6,43.7,686.9,6.7,14.6,33.0,1.3,0.0,0.0
3,0.0,1.0,0.0,0.0,0.0,0.0,0.0,0.0,0.0,0.0,0.0,1.0,0.0,0.0,0.0,8.0,6.0,92.3,85.3,488.0,14.7,22.2,29.0,5.4,0.0,0.0
4,0.0,1.0,0.0,0.0,0.0,0.0,0.0,0.0,0.0,1.0,0.0,0.0,0.0,0.0,0.0,8.0,6.0,92.3,88.9,495.6,8.5,24.1,27.0,3.1,0.0,0.0
5,0.0,0.0,0.0,0.0,0.0,0.0,0.0,1.0,0.0,0.0,0.0,0.0,0.0,1.0,0.0,8.0,6.0,91.0,129.5,692.6,7.0,13.1,63.0,5.4,0.0,0.0
6,0.0,0.0,0.0,0.0,0.0,0.0,0.0,1.0,0.0,0.0,1.0,0.0,0.0,0.0,0.0,7.0,5.0,92.5,88.0,698.6,7.1,22.8,40.0,4.0,0.0,0.0
7,0.0,0.0,0.0,0.0,0.0,0.0,0.0,1.0,0.0,0.0,1.0,0.0,0.0,0.0,0.0,7.0,5.0,92.5,88.0,698.6,7.1,17.8,51.0,7.2,0.0,0.0
8,0.0,0.0,0.0,0.0,0.0,0.0,0.0,1.0,0.0,1.0,0.0,0.0,0.0,0.0,0.0,6.0,5.0,90.9,126.5,686.5,7.0,21.3,42.0,2.2,0.0,0.0
9,0.0,0.0,0.0,0.0,0.0,0.0,0.0,1.0,0.0,0.0,0.0,0.0,0.0,0.0,1.0,6.0,5.0,92.9,133.3,699.6,9.2,26.4,21.0,4.5,0.0,0.0
10,0.0,0.0,0.0,0.0,0.0,0.0,0.0,1.0,1.0,0.0,0.0,0.0,0.0,0.0,0.0,6.0,5.0,93.3,141.2,713.9,13.9,22.9,44.0,5.4,0.0,0.0
11,0.0,0.0,0.0,0.0,0.0,1.0,0.0,0.0,0.0,0.0,1.0,0.0,0.0,0.0,0.0,5.0,5.0,91.7,35.8,80.8,7.8,15.1,27.0,5.4,0.0,0.0
12,0.0,0.0,0.0,0.0,0.0,1.0,0.0,0.0,0.0,0.0,0.0,0.0,0.0,0.0,1.0,6.0,4.0,89.2,27.9,70.8,6.3,15.9,35.0,4.0,0.0,0.0
13,1.0,0.0,0.0,0.0,0.0,0.0,0.0,0.0,0.0,0.0,1.0,0.0,0.0,0.0,0.0,6.0,4.0,86.3,27.4,97.1,5.1,9.3,44.0,4.5,0.0,0.0
14,0.0,0.0,0.0,0.0,0.0,0.0,0.0,1.0,0.0,0.0,0.0,0.0,0.0,1.0,0.0,6.0,4.0,91.0,129.5,692.6,7.0,18.3,40.0,2.7,0.0,0.0
15,0.0,0.0,0.0,0.0,0.0,0.0,0.0,1.0,0.0,1.0,0.0,0.0,0.0,0.0,0.0,5.0,4.0,91.8,78.5,724.3,9.2,19.1,38.0,2.7,0.0,0.0
16,0.0,1.0,0.0,0.0,0.0,0.0,0.0,0.0,0.0,0.0,1.0,0.0,0.0,0.0,0.0,7.0,4.0,90.2,110.9,537.4,6.2,19.5,43.0,5.8,0.0,0.0
17,0.0,1.0,0.0,0.0,0.0,0.0,0.0,0.0,0.0,0.0,0.0,1.0,0.0,0.0,0.0,7.0,4.0,91.4,142.4,601.4,10.6,16.3,60.0,5.4,0.0,0.0
18,0.0,0.0,0.0,0.0,0.0,0.0,0.0,1.0,1.0,0.0,0.0,0.0,0.0,0.0,0.0,7.0,4.0,92.4,117.9,668.0,12.2,19.0,34.0,5.8,0.0,0.0
19,0.0,0.0,0.0,0.0,0.0,0.0,0.0,1.0,0.0,1.0,0.0,0.0,0.0,0.0,0.0,7.0,4.0,90.9,126.5,686.5,7.0,19.4,48.0,1.3,0.0,0.0
20,0.0,0.0,0.0,0.0,0.0,0.0,0.0,1.0,0.0,0.0,1.0,0.0,0.0,0.0,0.0,6.0,3.0,93.4,145.4,721.4,8.1,30.2,24.0,2.7,0.0,0.0
21,0.0,0.0,0.0,0.0,0.0,0.0,0.0,1.0,0.0,0.0,0.0,1.0,0.0,0.0,0.0,6.0,3.0,93.5,149.3,728.6,8.1,22.8,39.0,3.6,0.0,0.0
22,0.0,0.0,0.0,0.0,0.0,0.0,0.0,1.0,1.0,0.0,0.0,0.0,0.0,0.0,0.0,6.0,3.0,94.3,85.1,692.3,15.9,25.4,24.0,3.6,0.0,0.0
23,0.0,0.0,0.0,0.0,0.0,0.0,0.0,1.0,0.0,1.0,0.0,0.0,0.0,0.0,0.0,6.0,3.0,88.6,91.8,709.9,7.1,11.2,78.0,7.6,0.0,0.0
24,0.0,0.0,0.0,0.0,0.0,0.0,0.0,1.0,1.0,0.0,0.0,0.0,0.0,0.0,0.0,6.0,3.0,88.6,69.7,706.8,5.8,20.6,37.0,1.8,0.0,0.0
25,0.0,0.0,0.0,0.0,0.0,0.0,0.0,1.0,0.0,0.0,0.0,1.0,0.0,0.0,0.0,6.0,3.0,91.7,75.6,718.3,7.8,17.7,39.0,3.6,0.0,0.0
26,0.0,0.0,0.0,0.0,0.0,0.0,0.0,1.0,0.0,1.0,0.0,0.0,0.0,0.0,0.0,6.0,3.0,91.8,78.5,724.3,9.2,21.2,32.0,2.7,0.0,0.0
27,0.0,0.0,0.0,0.0,0.0,0.0,0.0,1.0,0.0,0.0,0.0,0.0,0.0,1.0,0.0,6.0,3.0,90.3,80.7,730.2,6.3,18.2,62.0,4.5,0.0,0.0
28,0.0,0.0,0.0,0.0,0.0,0.0,1.0,0.0,0.0,0.0,0.0,0.0,0.0,1.0,0.0,6.0,3.0,90.6,35.4,669.1,6.7,21.7,24.0,4.5,0.0,0.0
29,0.0,0.0,0.0,0.0,0.0,0.0,1.0,0.0,1.0,0.0,0.0,0.0,0.0,0.0,0.0,7.0,4.0,90.0,41.5,682.6,8.7,11.3,60.0,5.4,0.0,0.0
30,0.0,0.0,0.0,0.0,0.0,0.0,1.0,0.0,0.0,0.0,1.0,0.0,0.0,0.0,0.0,7.0,3.0,90.6,43.7,686.9,6.7,17.8,27.0,4.0,0.0,0.0
31,0.0,0.0,0.0,0.0,0.0,1.0,0.0,0.0,0.0,0.0,0.0,0.0,0.0,1.0,0.0,4.0,4.0,88.1,25.7,67.6,3.8,14.1,43.0,2.7,0.0,0.0
32,0.0,1.0,0.0,0.0,0.0,0.0,0.0,0.0,0.0,0.0,1.0,0.0,0.0,0.0,0.0,4.0,4.0,90.2,96.9,624.2,8.9,18.4,42.0,6.7,0.0,0.0
33,0.0,1.0,0.0,0.0,0.0,0.0,0.0,0.0,0.0,0.0,0.0,0.0,0.0,1.0,0.0,4.0,4.0,94.8,108.3,647.1,17.0,16.6,54.0,5.4,0.0,0.0
34,0.0,0.0,0.0,0.0,0.0,0.0,0.0,1.0,0.0,0.0,1.0,0.0,0.0,0.0,0.0,4.0,4.0,92.5,88.0,698.6,7.1,19.6,48.0,2.7,0.0,0.0
35,0.0,0.0,0.0,0.0,0.0,0.0,0.0,1.0,0.0,0.0,0.0,0.0,0.0,0.0,1.0,4.0,4.0,90.1,82.9,735.7,6.2,12.9,74.0,4.9,0.0,0.0
36,0.0,0.0,0.0,0.0,0.0,0.0,0.0,1.0,0.0,0.0,0.0,0.0,0.0,0.0,1.0,5.0,6.0,94.3,85.1,692.3,15.9,25.9,24.0,4.0,0.0,0.0
37,0.0,0.0,0.0,0.0,0.0,0.0,0.0,1.0,0.0,1.0,0.0,0.0,0.0,0.0,0.0,5.0,6.0,90.9,126.5,686.5,7.0,14.7,70.0,3.6,0.0,0.0
38,0.0,0.0,0.0,1.0,0.0,0.0,0.0,0.0,0.0,1.0,0.0,0.0,0.0,0.0,0.0,6.0,6.0,94.2,62.3,442.9,11.0,23.0,36.0,3.1,0.0,0.0
39,0.0,0.0,0.0,0.0,0.0,1.0,0.0,0.0,0.0,1.0,0.0,0.0,0.0,0.0,0.0,4.0,4.0,87.2,23.9,64.7,4.1,11.8,35.0,1.8,0.0,0.0
40,0.0,0.0,0.0,0.0,0.0,1.0,0.0,0.0,0.0,1.0,0.0,0.0,0.0,0.0,0.0,4.0,4.0,87.6,52.2,103.8,5.0,11.0,46.0,5.8,0.0,0.0
41,0.0,0.0,0.0,0.0,0.0,0.0,0.0,1.0,0.0,0.0,0.0,0.0,1.0,0.0,0.0,4.0,4.0,92.9,137.0,706.4,9.2,20.8,17.0,1.3,0.0,0.0
42,0.0,1.0,0.0,0.0,0.0,0.0,0.0,0.0,0.0,0.0,0.0,1.0,0.0,0.0,0.0,4.0,3.0,90.2,99.6,631.2,6.3,21.5,34.0,2.2,0.0,0.0
43,0.0,1.0,0.0,0.0,0.0,0.0,0.0,0.0,0.0,0.0,0.0,0.0,0.0,0.0,1.0,4.0,3.0,92.1,111.2,654.1,9.6,20.4,42.0,4.9,0.0,0.0
44,0.0,1.0,0.0,0.0,0.0,0.0,0.0,0.0,0.0,0.0,0.0,0.0,1.0,0.0,0.0,4.0,3.0,91.7,114.3,661.3,6.3,17.6,45.0,3.6,0.0,0.0
45,0.0,0.0,0.0,0.0,0.0,0.0,0.0,1.0,0.0,0.0,0.0,0.0,1.0,0.0,0.0,4.0,3.0,92.9,137.0,706.4,9.2,27.7,24.0,2.2,0.0,0.0
46,0.0,0.0,0.0,0.0,0.0,0.0,0.0,1.0,0.0,0.0,0.0,0.0,0.0,1.0,0.0,4.0,3.0,90.3,80.7,730.2,6.3,17.8,63.0,4.9,0.0,0.0
47,0.0,0.0,0.0,0.0,0.0,0.0,1.0,0.0,0.0,0.0,0.0,1.0,0.0,0.0,0.0,4.0,3.0,92.6,46.5,691.8,8.8,13.8,50.0,2.7,0.0,0.0
48,0.0,0.0,0.0,0.0,0.0,1.0,0.0,0.0,1.0,0.0,0.0,0.0,0.0,0.0,0.0,4.0,5.0,91.7,33.3,77.5,9.0,17.2,26.0,4.5,0.0,0.0
49,0.0,0.0,0.0,0.0,0.0,1.0,0.0,0.0,1.0,0.0,0.0,0.0,0.0,0.0,0.0,4.0,5.0,91.2,48.3,97.8,12.5,15.8,27.0,7.6,0.0,0.0
50,0.0,0.0,0.0,0.0,0.0,0.0,0.0,1.0,1.0,0.0,0.0,0.0,0.0,0.0,0.0,4.0,5.0,94.3,85.1,692.3,15.9,17.7,37.0,3.6,0.0,0.0
51,0.0,0.0,0.0,0.0,0.0,1.0,0.0,0.0,1.0,0.0,0.0,0.0,0.0,0.0,0.0,5.0,4.0,91.7,33.3,77.5,9.0,15.6,25.0,6.3,0.0,0.0
52,0.0,1.0,0.0,0.0,0.0,0.0,0.0,0.0,0.0,0.0,0.0,0.0,0.0,1.0,0.0,5.0,4.0,88.8,147.3,614.5,9.0,17.3,43.0,4.5,0.0,0.0
53,0.0,0.0,0.0,0.0,0.0,0.0,0.0,1.0,1.0,0.0,0.0,0.0,0.0,0.0,0.0,5.0,4.0,93.3,141.2,713.9,13.9,27.6,30.0,1.3,0.0,0.0
54,0.0,0.0,0.0,0.0,0.0,1.0,0.0,0.0,0.0,1.0,0.0,0.0,0.0,0.0,0.0,1.0,3.0,87.6,52.2,103.8,5.0,8.3,72.0,3.1,0.0,0.0
55,0.0,0.0,0.0,0.0,0.0,1.0,0.0,0.0,0.0,0.0,1.0,0.0,0.0,0.0,0.0,6.0,5.0,91.7,35.8,80.8,7.8,17.4,25.0,4.9,0.0,0.0
56,0.0,1.0,0.0,0.0,0.0,0.0,0.0,0.0,0.0,0.0,1.0,0.0,0.0,0.0,0.0,6.0,5.0,90.2,96.9,624.2,8.9,14.7,59.0,5.8,0.0,0.0
57,0.0,0.0,0.0,0.0,0.0,1.0,0.0,0.0,1.0,0.0,0.0,0.0,0.0,0.0,0.0,8.0,6.0,91.7,35.8,80.8,7.8,17.4,24.0,5.4,0.0,0.0
58,0.0,1.0,0.0,0.0,0.0,0.0,0.0,0.0,0.0,0.0,0.0,1.0,0.0,0.0,0.0,8.0,6.0,92.3,85.3,488.0,14.7,20.8,32.0,6.3,0.0,0.0
59,0.0,1.0,0.0,0.0,0.0,0.0,0.0,0.0,0.0,0.0,0.0,1.0,0.0,0.0,0.0,8.0,6.0,91.4,142.4,601.4,10.6,18.2,43.0,4.9,0.0,0.0
60,0.0,1.0,0.0,0.0,0.0,0.0,0.0,0.0,0.0,1.0,0.0,0.0,0.0,0.0,0.0,8.0,6.0,91.1,103.2,638.8,5.8,23.4,22.0,2.7,0.0,0.0
61,0.0,0.0,0.0,0.0,0.0,0.0,0.0,1.0,0.0,0.0,0.0,1.0,0.0,0.0,0.0,4.0,4.0,89.7,90.0,704.4,4.8,17.8,64.0,1.3,0.0,0.0
62,0.0,1.0,0.0,0.0,0.0,0.0,0.0,0.0,0.0,0.0,0.0,1.0,0.0,0.0,0.0,3.0,4.0,91.4,142.4,601.4,10.6,19.8,39.0,5.4,0.0,0.0
63,0.0,1.0,0.0,0.0,0.0,0.0,0.0,0.0,0.0,0.0,0.0,0.0,0.0,1.0,0.0,3.0,4.0,88.8,147.3,614.5,9.0,14.4,66.0,5.4,0.0,0.0
64,0.0,1.0,0.0,0.0,0.0,0.0,0.0,0.0,0.0,0.0,0.0,0.0,0.0,1.0,0.0,2.0,4.0,94.8,108.3,647.1,17.0,20.1,40.0,4.0,0.0,0.0
65,0.0,0.0,0.0,0.0,0.0,0.0,0.0,1.0,0.0,0.0,1.0,0.0,0.0,0.0,0.0,2.0,4.0,92.5,121.1,674.4,8.6,24.1,29.0,4.5,0.0,0.0
66,0.0,0.0,0.0,0.0,0.0,1.0,0.0,0.0,0.0,0.0,0.0,0.0,1.0,0.0,0.0,4.0,5.0,91.4,30.7,74.3,7.5,18.2,29.0,3.1,0.0,0.0
67,0.0,1.0,0.0,0.0,0.0,0.0,0.0,0.0,0.0,0.0,0.0,1.0,0.0,0.0,0.0,4.0,5.0,90.2,99.6,631.2,6.3,21.4,33.0,3.1,0.0,0.0
68,0.0,0.0,0.0,0.0,0.0,0.0,0.0,1.0,0.0,0.0,1.0,0.0,0.0,0.0,0.0,4.0,5.0,92.5,88.0,698.6,7.1,20.3,45.0,3.1,0.0,0.0
69,0.0,0.0,0.0,0.0,0.0,0.0,0.0,1.0,0.0,1.0,0.0,0.0,0.0,0.0,0.0,4.0,5.0,88.6,91.8,709.9,7.1,17.4,56.0,5.4,0.0,0.0
70,0.0,0.0,0.0,0.0,0.0,1.0,0.0,0.0,1.0,0.0,0.0,0.0,0.0,0.0,0.0,3.0,4.0,91.7,33.3,77.5,9.0,18.8,18.0,4.5,0.0,0.0
71,0.0,0.0,0.0,0.0,0.0,0.0,0.0,1.0,0.0,0.0,0.0,1.0,0.0,0.0,0.0,3.0,4.0,89.7,90.0,704.4,4.8,22.8,39.0,3.6,0.0,0.0
72,0.0,0.0,0.0,0.0,0.0,0.0,0.0,1.0,0.0,1.0,0.0,0.0,0.0,0.0,0.0,3.0,4.0,91.8,78.5,724.3,9.2,18.9,35.0,2.7,0.0,0.0
73,0.0,0.0,0.0,0.0,0.0,1.0,0.0,0.0,0.0,0.0,0.0,0.0,0.0,1.0,0.0,3.0,4.0,88.1,25.7,67.6,3.8,15.8,27.0,7.6,0.0,0.0
74,0.0,0.0,0.0,0.0,0.0,1.0,0.0,0.0,0.0,0.0,0.0,0.0,0.0,1.0,0.0,3.0,5.0,88.1,25.7,67.6,3.8,15.5,27.0,6.3,0.0,0.0
75,0.0,0.0,0.0,0.0,0.0,1.0,0.0,0.0,0.0,0.0,1.0,0.0,0.0,0.0,0.0,3.0,4.0,91.7,35.8,80.8,7.8,11.6,30.0,6.3,0.0,0.0
76,0.0,0.0,0.0,0.0,0.0,1.0,0.0,0.0,0.0,0.0,1.0,0.0,0.0,0.0,0.0,3.0,4.0,91.7,35.8,80.8,7.8,15.2,27.0,4.9,0.0,0.0
77,0.0,0.0,0.0,0.0,0.0,1.0,0.0,0.0,0.0,1.0,0.0,0.0,0.0,0.0,0.0,3.0,4.0,90.1,39.7,86.6,6.2,10.6,30.0,4.0,0.0,0.0
78,0.0,1.0,0.0,0.0,0.0,0.0,0.0,0.0,0.0,0.0,0.0,0.0,1.0,0.0,0.0,3.0,4.0,93.0,75.3,466.6,7.7,19.6,36.0,3.1,0.0,0.0
79,0.0,1.0,0.0,0.0,0.0,0.0,0.0,0.0,0.0,1.0,0.0,0.0,0.0,0.0,0.0,3.0,4.0,91.5,145.4,608.2,10.7,10.3,74.0,2.2,0.0,0.0
80,0.0,1.0,0.0,0.0,0.0,0.0,0.0,0.0,0.0,1.0,0.0,0.0,0.0,0.0,0.0,3.0,4.0,91.5,145.4,608.2,10.7,17.1,43.0,5.4,0.0,0.0
81,0.0,0.0,0.0,0.0,0.0,0.0,0.0,1.0,0.0,0.0,0.0,1.0,0.0,0.0,0.0,3.0,4.0,92.4,124.1,680.7,8.5,22.5,42.0,5.4,0.0,0.0
82,0.0,0.0,0.0,0.0,0.0,0.0,0.0,1.0,1.0,0.0,0.0,0.0,0.0,0.0,0.0,3.0,4.0,94.3,85.1,692.3,15.9,19.8,50.0,5.4,0.0,0.0
83,0.0,0.0,0.0,0.0,0.0,0.0,1.0,0.0,0.0,0.0,0.0,1.0,0.0,0.0,0.0,3.0,4.0,92.6,46.5,691.8,8.8,20.6,24.0,5.4,0.0,0.0
84,0.0,0.0,0.0,0.0,0.0,1.0,0.0,0.0,0.0,1.0,0.0,0.0,0.0,0.0,0.0,3.0,5.0,87.6,52.2,103.8,5.0,9.0,49.0,2.2,0.0,0.0
85,0.0,0.0,0.0,0.0,0.0,0.0,0.0,1.0,1.0,0.0,0.0,0.0,0.0,0.0,0.0,3.0,5.0,93.5,149.3,728.6,8.1,17.2,43.0,3.1,0.0,0.0
86,0.0,0.0,0.0,0.0,0.0,0.0,1.0,0.0,0.0,0.0,0.0,0.0,0.0,0.0,1.0,3.0,5.0,91.4,37.9,673.8,5.2,15.9,46.0,3.6,0.0,0.0
87,0.0,0.0,0.0,0.0,0.0,0.0,1.0,0.0,0.0,0.0,0.0,1.0,0.0,0.0,0.0,2.0,5.0,92.6,46.5,691.8,8.8,15.4,35.0,0.9,0.0,0.0
88,0.0,0.0,0.0,0.0,0.0,1.0,0.0,0.0,0.0,1.0,0.0,0.0,0.0,0.0,0.0,4.0,6.0,87.2,23.9,64.7,4.1,14.0,39.0,3.1,0.0,0.0
89,0.0,0.0,0.0,0.0,0.0,1.0,0.0,0.0,0.0,0.0,0.0,1.0,0.0,0.0,0.0,4.0,6.0,89.3,51.3,102.2,9.6,10.6,46.0,4.9,0.0,0.0
90,0.0,0.0,0.0,0.0,0.0,0.0,0.0,1.0,0.0,0.0,0.0,0.0,1.0,0.0,0.0,4.0,6.0,93.7,80.9,685.2,17.9,17.6,42.0,3.1,0.0,0.0
91,0.0,0.0,0.0,0.0,0.0,1.0,0.0,0.0,0.0,0.0,0.0,0.0,0.0,1.0,0.0,3.0,5.0,88.1,25.7,67.6,3.8,14.9,38.0,2.7,0.0,0.0
92,0.0,0.0,0.0,0.0,0.0,0.0,0.0,1.0,0.0,0.0,0.0,1.0,0.0,0.0,0.0,3.0,6.0,92.4,124.1,680.7,8.5,17.2,58.0,1.3,0.0,0.0
93,0.0,0.0,0.0,0.0,0.0,0.0,0.0,1.0,0.0,1.0,0.0,0.0,0.0,0.0,0.0,3.0,6.0,90.9,126.5,686.5,7.0,15.6,66.0,3.1,0.0,0.0
94,0.0,0.0,0.0,0.0,0.0,0.0,0.0,1.0,0.0,0.0,0.0,0.0,0.0,1.0,0.0,1.0,4.0,91.0,129.5,692.6,7.0,21.7,38.0,2.2,0.0,0.43
95,0.0,0.0,0.0,0.0,0.0,0.0,0.0,1.0,0.0,1.0,0.0,0.0,0.0,0.0,0.0,2.0,5.0,90.9,126.5,686.5,7.0,21.9,39.0,1.8,0.0,0.47
96,0.0,1.0,0.0,0.0,0.0,0.0,0.0,0.0,0.0,0.0,0.0,0.0,0.0,0.0,1.0,2.0,5.0,95.5,99.9,513.3,13.2,23.8,32.0,5.4,0.0,0.77
97,0.0,1.0,0.0,0.0,0.0,0.0,0.0,0.0,0.0,0.0,0.0,0.0,1.0,0.0,0.0,6.0,5.0,95.2,131.7,578.8,10.4,27.4,22.0,4.0,0.0,0.9
98,0.0,0.0,0.0,0.0,0.0,1.0,0.0,0.0,0.0,1.0,0.0,0.0,0.0,0.0,0.0,5.0,4.0,90.1,39.7,86.6,6.2,13.2,40.0,5.4,0.0,0.95
99,0.0,0.0,0.0,0.0,0.0,0.0,0.0,1.0,0.0,0.0,0.0,0.0,1.0,0.0,0.0,8.0,6.0,93.7,80.9,685.2,17.9,23.7,25.0,4.5,0.0,1.12
100,0.0,0.0,0.0,0.0,1.0,0.0,0.0,0.0,1.0,0.0,0.0,0.0,0.0,0.0,0.0,6.0,5.0,92.5,56.4,433.3,7.1,23.2,39.0,5.4,0.0,1.19
101,0.0,0.0,0.0,1.0,0.0,0.0,0.0,0.0,0.0,0.0,1.0,0.0,0.0,0.0,0.0,3.0,4.0,90.1,51.2,424.1,6.2,24.6,43.0,1.8,0.0,1.43
102,0.0,0.0,0.0,0.0,0.0,0.0,0.0,1.0,1.0,0.0,0.0,0.0,0.0,0.0,0.0,5.0,4.0,94.3,85.1,692.3,15.9,20.1,47.0,4.9,0.0,1.46
103,0.0,0.0,0.0,0.0,0.0,0.0,0.0,1.0,0.0,0.0,1.0,0.0,0.0,0.0,0.0,1.0,5.0,93.4,145.4,721.4,8.1,29.6,27.0,2.7,0.0,1.46
104,0.0,1.0,0.0,0.0,0.0,0.0,0.0,0.0,0.0,0.0,0.0,1.0,0.0,0.0,0.0,7.0,4.0,94.8,108.3,647.1,17.0,16.4,47.0,1.3,0.0,1.56
105,0.0,0.0,0.0,0.0,0.0,0.0,0.0,1.0,0.0,0.0,1.0,0.0,0.0,0.0,0.0,2.0,4.0,93.4,145.4,721.4,8.1,28.6,27.0,2.2,0.0,1.61
106,0.0,1.0,0.0,0.0,0.0,0.0,0.0,0.0,0.0,0.0,0.0,0.0,0.0,0.0,1.0,2.0,4.0,92.1,111.2,654.1,9.6,20.5,35.0,4.0,0.0,1.64
107,0.0,0.0,0.0,0.0,0.0,0.0,0.0,1.0,1.0,0.0,0.0,0.0,0.0,0.0,0.0,7.0,4.0,92.4,117.9,668.0,12.2,19.0,34.0,5.8,0.0,1.69
108,0.0,0.0,0.0,0.0,0.0,1.0,0.0,0.0,0.0,1.0,0.0,0.0,0.0,0.0,0.0,7.0,4.0,90.1,39.7,86.6,6.2,16.1,29.0,3.1,0.0,1.75
109,0.0,1.0,0.0,0.0,0.0,0.0,0.0,0.0,0.0,0.0,0.0,0.0,1.0,0.0,0.0,6.0,4.0,95.2,131.7,578.8,10.4,20.3,41.0,4.0,0.0,1.9
110,0.0,0.0,0.0,0.0,0.0,0.0,0.0,1.0,0.0,0.0,1.0,0.0,0.0,0.0,0.0,8.0,6.0,92.5,121.1,674.4,8.6,17.8,56.0,1.8,0.0,1.95
111,0.0,0.0,0.0,0.0,0.0,0.0,0.0,1.0,0.0,0.0,0.0,1.0,0.0,0.0,0.0,8.0,5.0,89.7,90.0,704.4,4.8,17.8,67.0,2.2,0.0,2.01
112,0.0,1.0,0.0,0.0,0.0,0.0,0.0,0.0,0.0,0.0,0.0,0.0,0.0,0.0,1.0,6.0,5.0,92.1,111.2,654.1,9.6,16.6,47.0,0.9,0.0,2.29
113,0.0,1.0,0.0,0.0,0.0,0.0,0.0,0.0,0.0,0.0,0.0,0.0,0.0,0.0,1.0,6.0,5.0,96.0,127.1,570.5,16.5,23.4,33.0,4.5,0.0,2.51
114,0.0,1.0,0.0,0.0,0.0,0.0,0.0,0.0,0.0,0.0,0.0,0.0,1.0,0.0,0.0,8.0,6.0,95.2,131.7,578.8,10.4,20.7,45.0,2.2,0.0,2.55
115,0.0,0.0,0.0,0.0,0.0,0.0,0.0,1.0,0.0,0.0,0.0,0.0,0.0,0.0,1.0,5.0,4.0,92.9,133.3,699.6,9.2,21.9,35.0,1.8,0.0,2.57
116,0.0,1.0,0.0,0.0,0.0,0.0,0.0,0.0,0.0,0.0,0.0,1.0,0.0,0.0,0.0,7.0,4.0,91.4,142.4,601.4,10.6,20.1,39.0,5.4,0.0,2.74
117,0.0,0.0,0.0,0.0,0.0,0.0,0.0,1.0,0.0,1.0,0.0,0.0,0.0,0.0,0.0,4.0,4.0,90.9,126.5,686.5,7.0,17.7,39.0,2.2,0.0,3.07
118,0.0,1.0,0.0,0.0,0.0,0.0,0.0,0.0,0.0,0.0,1.0,0.0,0.0,0.0,0.0,1.0,4.0,90.2,96.9,624.2,8.9,14.2,53.0,1.8,0.0,3.5
119,0.0,1.0,0.0,0.0,0.0,0.0,0.0,0.0,0.0,0.0,1.0,0.0,0.0,0.0,0.0,1.0,4.0,90.2,96.9,624.2,8.9,20.3,39.0,4.9,0.0,4.53
120,0.0,1.0,0.0,0.0,0.0,0.0,0.0,0.0,0.0,0.0,0.0,1.0,0.0,0.0,0.0,2.0,5.0,90.2,99.6,631.2,6.3,19.2,44.0,2.7,0.0,4.69
121,0.0,0.0,0.0,0.0,0.0,0.0,0.0,1.0,0.0,0.0,0.0,0.0,0.0,0.0,1.0,2.0,5.0,90.1,82.9,735.7,6.2,18.3,45.0,2.2,0.0,4.88
122,0.0,1.0,0.0,0.0,0.0,0.0,0.0,0.0,0.0,0.0,0.0,0.0,0.0,1.0,0.0,8.0,6.0,88.8,147.3,614.5,9.0,14.4,66.0,5.4,0.0,5.23
123,0.0,0.0,0.0,0.0,0.0,0.0,0.0,1.0,0.0,0.0,0.0,1.0,0.0,0.0,0.0,1.0,3.0,92.4,124.1,680.7,8.5,23.9,32.0,6.7,0.0,5.33
124,0.0,0.0,1.0,0.0,0.0,0.0,0.0,0.0,0.0,0.0,0.0,1.0,0.0,0.0,0.0,5.0,4.0,86.8,15.6,48.3,3.9,12.4,53.0,2.2,0.0,6.38
125,0.0,0.0,0.0,0.0,0.0,0.0,1.0,0.0,0.0,1.0,0.0,0.0,0.0,0.0,0.0,7.0,4.0,91.7,48.5,696.1,11.1,16.8,45.0,4.5,0.0,6.83
126,0.0,1.0,0.0,0.0,0.0,0.0,0.0,0.0,1.0,0.0,0.0,0.0,0.0,0.0,0.0,8.0,6.0,93.9,135.7,586.7,15.1,20.8,34.0,4.9,0.0,6.96
127,0.0,0.0,0.0,0.0,0.0,0.0,0.0,1.0,0.0,0.0,0.0,0.0,0.0,1.0,0.0,2.0,5.0,91.0,129.5,692.6,7.0,17.6,46.0,3.1,0.0,7.04
128,0.0,0.0,0.0,0.0,0.0,1.0,0.0,0.0,0.0,0.0,0.0,1.0,0.0,0.0,0.0,8.0,6.0,89.3,51.3,102.2,9.6,11.5,39.0,5.8,0.0,7.19
129,0.0,0.0,0.0,0.0,0.0,0.0,0.0,1.0,0.0,1.0,0.0,0.0,0.0,0.0,0.0,1.0,5.0,90.9,126.5,686.5,7.0,21.0,42.0,2.2,0.0,7.3
130,0.0,0.0,0.0,0.0,0.0,1.0,0.0,0.0,0.0,0.0,1.0,0.0,0.0,0.0,0.0,6.0,4.0,90.8,41.9,89.4,7.9,13.3,42.0,0.9,0.0,7.4
131,0.0,0.0,0.0,0.0,0.0,1.0,0.0,0.0,0.0,0.0,0.0,1.0,0.0,0.0,0.0,7.0,4.0,90.7,44.0,92.4,5.5,11.5,60.0,4.0,0.0,8.24
132,0.0,0.0,0.0,0.0,0.0,1.0,0.0,0.0,1.0,0.0,0.0,0.0,0.0,0.0,0.0,6.0,5.0,91.2,48.3,97.8,12.5,11.7,33.0,4.0,0.0,8.31
133,0.0,1.0,0.0,0.0,0.0,0.0,0.0,0.0,0.0,0.0,0.0,0.0,1.0,0.0,0.0,2.0,5.0,95.2,131.7,578.8,10.4,24.2,28.0,2.7,0.0,8.68
134,0.0,0.0,0.0,0.0,0.0,0.0,0.0,1.0,0.0,0.0,0.0,0.0,0.0,0.0,1.0,4.0,5.0,92.9,133.3,699.6,9.2,24.3,25.0,4.0,0.0,9.41
135,0.0,1.0,0.0,0.0,0.0,0.0,0.0,0.0,1.0,0.0,0.0,0.0,0.0,0.0,0.0,2.0,5.0,93.9,135.7,586.7,15.1,23.5,36.0,5.4,0.0,10.02
136,0.0,0.0,0.0,0.0,0.0,0.0,0.0,1.0,0.0,0.0,0.0,0.0,1.0,0.0,0.0,4.0,5.0,92.9,137.0,706.4,9.2,21.5,15.0,0.9,0.0,11.06
137,0.0,0.0,0.0,0.0,0.0,0.0,0.0,1.0,0.0,0.0,0.0,0.0,0.0,1.0,0.0,3.0,4.0,91.0,129.5,692.6,7.0,13.9,59.0,6.3,0.0,11.24
138,0.0,0.0,0.0,0.0,0.0,0.0,0.0,1.0,0.0,0.0,0.0,0.0,0.0,1.0,0.0,1.0,5.0,91.0,129.5,692.6,7.0,21.6,33.0,2.2,0.0,11.53
139,0.0,0.0,0.0,0.0,0.0,1.0,0.0,0.0,0.0,0.0,0.0,1.0,0.0,0.0,0.0,6.0,5.0,90.1,37.6,83.7,7.2,12.4,54.0,3.6,0.0,12.1
140,0.0,0.0,0.0,0.0,0.0,0.0,1.0,0.0,0.0,0.0,0.0,0.0,0.0,0.0,1.0,8.0,6.0,91.4,37.9,673.8,5.2,20.2,37.0,2.7,0.0,13.7
141,0.0,0.0,0.0,0.0,0.0,1.0,0.0,0.0,0.0,0.0,1.0,0.0,0.0,0.0,0.0,5.0,6.0,90.6,50.1,100.4,7.8,15.1,64.0,4.0,0.0,13.99
142,0.0,0.0,0.0,0.0,0.0,0.0,0.0,1.0,0.0,0.0,0.0,0.0,1.0,0.0,0.0,4.0,5.0,92.9,137.0,706.4,9.2,22.1,34.0,1.8,0.0,14.57
143,1.0,0.0,0.0,0.0,0.0,0.0,0.0,0.0,0.0,0.0,0.0,0.0,0.0,0.0,1.0,6.0,3.0,88.0,17.2,43.5,3.8,15.2,51.0,2.7,0.0,0.0
144,0.0,1.0,0.0,0.0,0.0,0.0,0.0,0.0,0.0,0.0,0.0,1.0,0.0,0.0,0.0,2.0,4.0,94.2,122.3,589.9,12.9,15.4,66.0,4.0,0.0,10.13
145,0.0,1.0,0.0,0.0,0.0,0.0,0.0,0.0,0.0,0.0,0.0,1.0,0.0,0.0,0.0,2.0,4.0,91.8,175.1,700.7,13.8,22.4,54.0,7.6,0.0,2.87
146,0.0,1.0,0.0,0.0,0.0,0.0,0.0,0.0,0.0,0.0,0.0,1.0,0.0,0.0,0.0,3.0,4.0,91.8,175.1,700.7,13.8,26.8,38.0,6.3,0.0,0.76
147,0.0,1.0,0.0,0.0,0.0,0.0,0.0,0.0,0.0,0.0,0.0,1.0,0.0,0.0,0.0,5.0,4.0,91.8,175.1,700.7,13.8,25.7,39.0,5.4,0.0,0.09
148,0.0,1.0,0.0,0.0,0.0,0.0,0.0,0.0,0.0,0.0,0.0,0.0,0.0,0.0,1.0,2.0,4.0,92.2,91.6,503.6,9.6,20.7,70.0,2.2,0.0,0.75
149,0.0,1.0,0.0,0.0,0.0,0.0,0.0,0.0,0.0,0.0,0.0,0.0,0.0,0.0,1.0,8.0,6.0,93.1,157.3,666.7,13.5,28.7,28.0,2.7,0.0,0.0
150,0.0,1.0,0.0,0.0,0.0,0.0,0.0,0.0,0.0,0.0,0.0,0.0,0.0,0.0,1.0,3.0,4.0,93.1,157.3,666.7,13.5,21.7,40.0,0.4,0.0,2.47
151,0.0,1.0,0.0,0.0,0.0,0.0,0.0,0.0,0.0,0.0,0.0,0.0,0.0,0.0,1.0,8.0,5.0,93.1,157.3,666.7,13.5,26.8,25.0,3.1,0.0,0.68
152,0.0,1.0,0.0,0.0,0.0,0.0,0.0,0.0,0.0,0.0,0.0,0.0,0.0,0.0,1.0,8.0,5.0,93.1,157.3,666.7,13.5,24.0,36.0,3.1,0.0,0.24
153,0.0,1.0,0.0,0.0,0.0,0.0,0.0,0.0,0.0,0.0,0.0,0.0,0.0,0.0,1.0,6.0,5.0,93.1,157.3,666.7,13.5,22.1,37.0,3.6,0.0,0.21
154,0.0,1.0,0.0,0.0,0.0,0.0,0.0,0.0,0.0,0.0,0.0,0.0,1.0,0.0,0.0,7.0,4.0,91.9,109.2,565.5,8.0,21.4,38.0,2.7,0.0,1.52
155,0.0,1.0,0.0,0.0,0.0,0.0,0.0,0.0,0.0,0.0,0.0,0.0,1.0,0.0,0.0,6.0,3.0,91.6,138.1,621.7,6.3,18.9,41.0,3.1,0.0,10.34
156,0.0,1.0,0.0,0.0,0.0,0.0,0.0,0.0,0.0,0.0,0.0,0.0,1.0,0.0,0.0,2.0,5.0,87.5,77.0,694.8,5.0,22.3,46.0,4.0,0.0,0.0
157,0.0,1.0,0.0,0.0,0.0,0.0,0.0,0.0,0.0,0.0,1.0,0.0,0.0,0.0,0.0,8.0,6.0,94.2,117.2,581.1,11.0,23.9,41.0,2.2,0.0,8.02
158,0.0,1.0,0.0,0.0,0.0,0.0,0.0,0.0,0.0,0.0,1.0,0.0,0.0,0.0,0.0,4.0,3.0,94.2,117.2,581.1,11.0,21.4,44.0,2.7,0.0,0.68
159,0.0,1.0,0.0,0.0,0.0,0.0,0.0,0.0,0.0,0.0,1.0,0.0,0.0,0.0,0.0,3.0,4.0,91.8,170.9,692.3,13.7,20.6,59.0,0.9,0.0,0.0
160,0.0,1.0,0.0,0.0,0.0,0.0,0.0,0.0,0.0,0.0,1.0,0.0,0.0,0.0,0.0,7.0,4.0,91.8,170.9,692.3,13.7,23.7,40.0,1.8,0.0,1.38
161,0.0,1.0,0.0,0.0,0.0,0.0,0.0,0.0,0.0,1.0,0.0,0.0,0.0,0.0,0.0,2.0,4.0,93.6,97.9,542.0,14.4,28.3,32.0,4.0,0.0,8.85
162,0.0,1.0,0.0,0.0,0.0,0.0,0.0,0.0,1.0,0.0,0.0,0.0,0.0,0.0,0.0,2.0,4.0,91.6,112.4,573.0,8.9,21.4,42.0,3.1,0.0,4.25
163,0.0,1.0,0.0,0.0,0.0,0.0,0.0,0.0,1.0,0.0,0.0,0.0,0.0,0.0,0.0,6.0,3.0,91.1,141.1,629.1,7.1,19.3,39.0,3.6,0.0,1.56
164,0.0,1.0,0.0,0.0,0.0,0.0,0.0,0.0,1.0,0.0,0.0,0.0,0.0,0.0,0.0,4.0,4.0,94.3,167.6,684.4,13.0,21.8,53.0,3.1,0.0,6.54
165,0.0,1.0,0.0,0.0,0.0,0.0,0.0,0.0,0.0,0.0,0.0,0.0,0.0,1.0,0.0,4.0,4.0,93.7,102.2,550.3,14.6,22.1,54.0,7.6,0.0,0.79
166,0.0,1.0,0.0,0.0,0.0,0.0,0.0,0.0,0.0,0.0,0.0,0.0,0.0,1.0,0.0,3.0,4.0,92.1,152.6,658.2,14.3,21.0,32.0,3.1,0.0,0.0
167,0.0,1.0,0.0,0.0,0.0,0.0,0.0,0.0,0.0,0.0,0.0,0.0,0.0,1.0,0.0,4.0,4.0,92.1,152.6,658.2,14.3,19.1,53.0,2.7,0.0,4.4
168,0.0,1.0,0.0,0.0,0.0,0.0,0.0,0.0,0.0,0.0,0.0,0.0,0.0,1.0,0.0,8.0,6.0,92.1,152.6,658.2,14.3,20.1,58.0,4.5,0.0,9.27
169,0.0,1.0,0.0,0.0,0.0,0.0,0.0,0.0,0.0,0.0,0.0,0.0,0.0,1.0,0.0,2.0,5.0,92.1,152.6,658.2,14.3,20.2,47.0,4.0,0.0,3.09
170,0.0,0.0,0.0,1.0,0.0,0.0,0.0,0.0,0.0,0.0,0.0,1.0,0.0,0.0,0.0,2.0,5.0,93.9,169.7,411.8,12.3,23.4,40.0,6.3,0.0,0.0
171,0.0,0.0,0.0,1.0,0.0,0.0,0.0,0.0,0.0,0.0,1.0,0.0,0.0,0.0,0.0,7.0,4.0,91.6,104.2,474.9,9.0,22.1,49.0,2.7,0.0,0.0
172,0.0,0.0,0.0,1.0,0.0,0.0,0.0,0.0,0.0,0.0,1.0,0.0,0.0,0.0,0.0,7.0,4.0,91.6,104.2,474.9,9.0,24.2,32.0,1.8,0.0,0.0
173,0.0,0.0,0.0,1.0,0.0,0.0,0.0,0.0,0.0,0.0,1.0,0.0,0.0,0.0,0.0,7.0,4.0,91.6,104.2,474.9,9.0,24.3,30.0,1.8,0.0,0.0
174,0.0,0.0,0.0,1.0,0.0,0.0,0.0,0.0,0.0,0.0,1.0,0.0,0.0,0.0,0.0,2.0,5.0,91.6,104.2,474.9,9.0,18.7,53.0,1.8,0.0,0.0
175,0.0,0.0,0.0,1.0,0.0,0.0,0.0,0.0,0.0,0.0,1.0,0.0,0.0,0.0,0.0,9.0,4.0,91.6,104.2,474.9,9.0,25.3,39.0,0.9,0.0,8.0
176,0.0,0.0,0.0,1.0,0.0,0.0,0.0,0.0,1.0,0.0,0.0,0.0,0.0,0.0,0.0,4.0,5.0,91.6,100.2,466.3,6.3,22.9,40.0,1.3,0.0,2.64
177,0.0,0.0,0.0,1.0,0.0,0.0,0.0,0.0,0.0,0.0,0.0,0.0,0.0,1.0,0.0,8.0,6.0,92.3,88.8,440.9,8.5,17.1,67.0,3.6,0.0,6.57
178,0.0,0.0,0.0,0.0,1.0,0.0,0.0,0.0,0.0,0.0,0.0,1.0,0.0,0.0,0.0,7.0,5.0,93.1,180.4,430.8,11.0,22.2,48.0,1.3,0.0,0.0
179,0.0,0.0,0.0,0.0,1.0,0.0,0.0,0.0,0.0,0.0,0.0,1.0,0.0,0.0,0.0,6.0,4.0,90.4,89.5,290.8,6.4,14.3,46.0,1.8,0.0,0.9
180,0.0,0.0,0.0,0.0,1.0,0.0,0.0,0.0,0.0,0.0,0.0,1.0,0.0,0.0,0.0,8.0,6.0,90.4,89.5,290.8,6.4,15.4,45.0,2.2,0.0,0.0
181,0.0,0.0,0.0,0.0,1.0,0.0,0.0,0.0,0.0,0.0,0.0,0.0,0.0,0.0,1.0,8.0,6.0,91.2,147.8,377.2,12.7,19.6,43.0,4.9,0.0,0.0
182,0.0,0.0,0.0,0.0,1.0,0.0,0.0,0.0,0.0,1.0,0.0,0.0,0.0,0.0,0.0,6.0,5.0,90.4,93.3,298.1,7.5,20.7,25.0,4.9,0.0,0.0
183,0.0,0.0,0.0,0.0,1.0,0.0,0.0,0.0,0.0,1.0,0.0,0.0,0.0,0.0,0.0,6.0,5.0,90.4,93.3,298.1,7.5,19.1,39.0,5.4,0.0,3.52
184,0.0,0.0,0.0,0.0,1.0,0.0,0.0,0.0,1.0,0.0,0.0,0.0,0.0,0.0,0.0,3.0,6.0,91.1,94.1,232.1,7.1,19.2,38.0,4.5,0.0,0.0
185,0.0,0.0,0.0,0.0,0.0,0.0,0.0,1.0,0.0,0.0,0.0,1.0,0.0,0.0,0.0,1.0,4.0,89.6,84.1,714.3,5.7,19.0,52.0,2.2,0.0,0.0
186,0.0,0.0,0.0,0.0,0.0,0.0,0.0,1.0,0.0,0.0,0.0,1.0,0.0,0.0,0.0,7.0,4.0,89.6,84.1,714.3,5.7,17.1,53.0,5.4,0.0,0.41
187,0.0,0.0,0.0,0.0,0.0,0.0,0.0,1.0,0.0,0.0,0.0,1.0,0.0,0.0,0.0,3.0,4.0,89.6,84.1,714.3,5.7,23.8,35.0,3.6,0.0,5.18
188,0.0,0.0,0.0,0.0,0.0,0.0,0.0,1.0,0.0,0.0,0.0,1.0,0.0,0.0,0.0,2.0,4.0,92.4,105.8,758.1,9.9,16.0,45.0,1.8,0.0,0.0
189,0.0,0.0,0.0,0.0,0.0,0.0,0.0,1.0,0.0,0.0,0.0,1.0,0.0,0.0,0.0,2.0,4.0,92.4,105.8,758.1,9.9,24.9,27.0,2.2,0.0,0.0
190,0.0,0.0,0.0,0.0,0.0,0.0,0.0,1.0,0.0,0.0,0.0,1.0,0.0,0.0,0.0,7.0,4.0,92.4,105.8,758.1,9.9,25.3,27.0,2.7,0.0,0.0
191,0.0,0.0,0.0,0.0,0.0,0.0,0.0,1.0,0.0,0.0,0.0,1.0,0.0,0.0,0.0,6.0,3.0,92.4,105.8,758.1,9.9,24.8,28.0,1.8,0.0,14.29
192,0.0,0.0,0.0,0.0,0.0,0.0,0.0,1.0,0.0,0.0,0.0,0.0,0.0,0.0,1.0,6.0,5.0,92.6,115.4,777.1,8.8,24.3,27.0,4.9,0.0,0.0
193,0.0,0.0,0.0,0.0,0.0,0.0,0.0,1.0,0.0,0.0,0.0,0.0,0.0,0.0,1.0,4.0,4.0,92.6,115.4,777.1,8.8,19.7,41.0,1.8,0.0,1.58
194,0.0,0.0,0.0,0.0,0.0,0.0,0.0,1.0,0.0,0.0,0.0,0.0,0.0,0.0,1.0,3.0,4.0,91.2,134.7,817.5,7.2,18.5,30.0,2.7,0.0,0.0
195,0.0,0.0,0.0,0.0,0.0,0.0,0.0,1.0,0.0,0.0,0.0,0.0,1.0,0.0,0.0,4.0,5.0,92.4,96.2,739.4,8.6,18.6,24.0,5.8,0.0,0.0
196,0.0,0.0,0.0,0.0,0.0,0.0,0.0,1.0,0.0,0.0,0.0,0.0,1.0,0.0,0.0,4.0,4.0,92.4,96.2,739.4,8.6,19.2,24.0,4.9,0.0,3.78
197,0.0,0.0,0.0,0.0,0.0,0.0,0.0,1.0,0.0,0.0,0.0,0.0,1.0,0.0,0.0,6.0,5.0,92.8,119.0,783.5,7.5,21.6,27.0,2.2,0.0,0.0
198,0.0,0.0,0.0,0.0,0.0,0.0,0.0,1.0,0.0,0.0,0.0,0.0,1.0,0.0,0.0,5.0,4.0,92.8,119.0,783.5,7.5,21.6,28.0,6.3,0.0,4.41
199,0.0,0.0,0.0,0.0,0.0,0.0,0.0,1.0,0.0,0.0,0.0,0.0,1.0,0.0,0.0,1.0,4.0,92.8,119.0,783.5,7.5,16.8,28.0,4.0,0.0,7.21
200,0.0,0.0,0.0,0.0,0.0,0.0,0.0,1.0,0.0,0.0,0.0,0.0,1.0,0.0,0.0,6.0,5.0,92.8,119.0,783.5,7.5,16.8,28.0,4.0,0.0,1.01
201,0.0,0.0,0.0,0.0,0.0,0.0,0.0,1.0,0.0,0.0,0.0,0.0,1.0,0.0,0.0,3.0,5.0,90.7,136.9,822.8,6.8,12.9,39.0,2.7,0.0,2.18
202,0.0,0.0,0.0,0.0,0.0,0.0,0.0,1.0,0.0,0.0,0.0,0.0,1.0,0.0,0.0,6.0,5.0,88.1,53.3,726.9,5.4,13.7,56.0,1.8,0.0,4.42
203,0.0,0.0,0.0,0.0,0.0,0.0,0.0,1.0,0.0,0.0,1.0,0.0,0.0,0.0,0.0,1.0,4.0,92.2,102.3,751.5,8.4,24.2,27.0,3.1,0.0,0.0
204,0.0,0.0,0.0,0.0,0.0,0.0,0.0,1.0,0.0,0.0,1.0,0.0,0.0,0.0,0.0,5.0,4.0,92.2,102.3,751.5,8.4,24.1,27.0,3.1,0.0,0.0
205,0.0,0.0,0.0,0.0,0.0,0.0,0.0,1.0,0.0,0.0,1.0,0.0,0.0,0.0,0.0,6.0,5.0,92.2,102.3,751.5,8.4,21.2,32.0,2.2,0.0,0.0
206,0.0,0.0,0.0,0.0,0.0,0.0,0.0,1.0,0.0,0.0,1.0,0.0,0.0,0.0,0.0,6.0,5.0,92.2,102.3,751.5,8.4,19.7,35.0,1.8,0.0,0.0
207,0.0,0.0,0.0,0.0,0.0,0.0,0.0,1.0,0.0,0.0,1.0,0.0,0.0,0.0,0.0,4.0,3.0,92.2,102.3,751.5,8.4,23.5,27.0,4.0,0.0,3.33
208,0.0,0.0,0.0,0.0,0.0,0.0,0.0,1.0,0.0,0.0,1.0,0.0,0.0,0.0,0.0,3.0,3.0,92.2,102.3,751.5,8.4,24.2,27.0,3.1,0.0,6.58
209,0.0,0.0,0.0,0.0,0.0,0.0,0.0,1.0,0.0,0.0,1.0,0.0,0.0,0.0,0.0,7.0,4.0,91.2,124.4,795.3,8.5,21.5,28.0,4.5,0.0,15.64
210,0.0,0.0,0.0,0.0,0.0,0.0,0.0,1.0,0.0,0.0,1.0,0.0,0.0,0.0,0.0,4.0,4.0,91.2,124.4,795.3,8.5,17.1,41.0,2.2,0.0,11.22
211,0.0,0.0,0.0,0.0,0.0,0.0,0.0,1.0,0.0,1.0,0.0,0.0,0.0,0.0,0.0,1.0,4.0,92.1,87.7,721.1,9.5,18.1,54.0,3.1,0.0,2.13
212,0.0,0.0,0.0,0.0,0.0,0.0,0.0,1.0,0.0,1.0,0.0,0.0,0.0,0.0,0.0,2.0,3.0,91.6,108.4,764.0,6.2,18.0,51.0,5.4,0.0,0.0
213,0.0,0.0,0.0,0.0,0.0,0.0,0.0,1.0,0.0,1.0,0.0,0.0,0.0,0.0,0.0,7.0,4.0,91.6,108.4,764.0,6.2,19.3,44.0,2.2,0.0,0.0
214,0.0,0.0,0.0,0.0,0.0,0.0,0.0,1.0,0.0,1.0,0.0,0.0,0.0,0.0,0.0,8.0,6.0,91.6,108.4,764.0,6.2,22.7,35.0,2.2,0.0,7.48
215,0.0,0.0,0.0,0.0,0.0,0.0,0.0,1.0,0.0,1.0,0.0,0.0,0.0,0.0,0.0,2.0,4.0,91.6,108.4,764.0,6.2,20.4,41.0,1.8,0.0,1.47
216,0.0,0.0,0.0,0.0,0.0,0.0,0.0,1.0,0.0,1.0,0.0,0.0,0.0,0.0,0.0,2.0,5.0,91.6,108.4,764.0,6.2,19.3,44.0,2.2,0.0,3.93
217,0.0,0.0,0.0,0.0,0.0,0.0,0.0,1.0,0.0,1.0,0.0,0.0,0.0,0.0,0.0,8.0,6.0,91.9,111.7,770.3,6.5,15.7,51.0,2.2,0.0,0.0
218,0.0,0.0,0.0,0.0,0.0,0.0,0.0,1.0,0.0,1.0,0.0,0.0,0.0,0.0,0.0,6.0,3.0,91.5,130.1,807.1,7.5,20.6,37.0,1.8,0.0,0.0
219,0.0,0.0,0.0,0.0,0.0,0.0,0.0,1.0,0.0,1.0,0.0,0.0,0.0,0.0,0.0,8.0,6.0,91.5,130.1,807.1,7.5,15.9,51.0,4.5,0.0,2.18
220,0.0,0.0,0.0,0.0,0.0,0.0,0.0,1.0,0.0,1.0,0.0,0.0,0.0,0.0,0.0,6.0,3.0,91.5,130.1,807.1,7.5,12.2,66.0,4.9,0.0,6.1
221,0.0,0.0,0.0,0.0,0.0,0.0,0.0,1.0,1.0,0.0,0.0,0.0,0.0,0.0,0.0,5.0,4.0,92.1,99.0,745.3,9.6,10.1,75.0,3.6,0.0,0.0
222,0.0,0.0,0.0,0.0,0.0,0.0,0.0,1.0,1.0,0.0,0.0,0.0,0.0,0.0,0.0,3.0,4.0,92.1,99.0,745.3,9.6,17.4,57.0,4.5,0.0,0.0
223,0.0,0.0,0.0,0.0,0.0,0.0,0.0,1.0,1.0,0.0,0.0,0.0,0.0,0.0,0.0,5.0,4.0,92.1,99.0,745.3,9.6,12.8,64.0,3.6,0.0,1.64
224,0.0,0.0,0.0,0.0,0.0,0.0,0.0,1.0,1.0,0.0,0.0,0.0,0.0,0.0,0.0,5.0,4.0,92.1,99.0,745.3,9.6,10.1,75.0,3.6,0.0,3.71
225,0.0,0.0,0.0,0.0,0.0,0.0,0.0,1.0,1.0,0.0,0.0,0.0,0.0,0.0,0.0,4.0,4.0,92.1,99.0,745.3,9.6,15.4,53.0,6.3,0.0,7.31
226,0.0,0.0,0.0,0.0,0.0,0.0,0.0,1.0,1.0,0.0,0.0,0.0,0.0,0.0,0.0,7.0,4.0,92.1,99.0,745.3,9.6,20.6,43.0,3.6,0.0,2.03
227,0.0,0.0,0.0,0.0,0.0,0.0,0.0,1.0,1.0,0.0,0.0,0.0,0.0,0.0,0.0,7.0,4.0,92.1,99.0,745.3,9.6,19.8,47.0,2.7,0.0,1.72
228,0.0,0.0,0.0,0.0,0.0,0.0,0.0,1.0,1.0,0.0,0.0,0.0,0.0,0.0,0.0,7.0,4.0,92.1,99.0,745.3,9.6,18.7,50.0,2.2,0.0,5.97
229,0.0,0.0,0.0,0.0,0.0,0.0,0.0,1.0,1.0,0.0,0.0,0.0,0.0,0.0,0.0,4.0,4.0,92.1,99.0,745.3,9.6,20.8,35.0,4.9,0.0,13.06
230,0.0,0.0,0.0,0.0,0.0,0.0,0.0,1.0,1.0,0.0,0.0,0.0,0.0,0.0,0.0,4.0,4.0,92.1,99.0,745.3,9.6,20.8,35.0,4.9,0.0,1.26
231,0.0,0.0,0.0,0.0,0.0,0.0,0.0,1.0,1.0,0.0,0.0,0.0,0.0,0.0,0.0,6.0,3.0,92.5,122.0,789.7,10.2,15.9,55.0,3.6,0.0,0.0
232,0.0,0.0,0.0,0.0,0.0,0.0,0.0,1.0,1.0,0.0,0.0,0.0,0.0,0.0,0.0,6.0,3.0,92.5,122.0,789.7,10.2,19.7,39.0,2.7,0.0,0.0
233,0.0,0.0,0.0,0.0,0.0,0.0,0.0,1.0,1.0,0.0,0.0,0.0,0.0,0.0,0.0,1.0,4.0,92.5,122.0,789.7,10.2,21.1,39.0,2.2,0.0,8.12
234,0.0,0.0,0.0,0.0,0.0,0.0,0.0,1.0,1.0,0.0,0.0,0.0,0.0,0.0,0.0,6.0,5.0,92.5,122.0,789.7,10.2,18.4,42.0,2.2,0.0,1.09
235,0.0,0.0,0.0,0.0,0.0,0.0,0.0,1.0,1.0,0.0,0.0,0.0,0.0,0.0,0.0,4.0,3.0,92.5,122.0,789.7,10.2,17.3,45.0,4.0,0.0,3.94
236,0.0,0.0,0.0,0.0,0.0,0.0,0.0,1.0,1.0,0.0,0.0,0.0,0.0,0.0,0.0,7.0,4.0,88.2,55.2,732.3,11.6,15.2,64.0,3.1,0.0,0.52
237,0.0,0.0,0.0,0.0,0.0,0.0,0.0,1.0,0.0,0.0,0.0,0.0,0.0,1.0,0.0,4.0,3.0,91.9,111.7,770.3,6.5,15.9,53.0,2.2,0.0,2.93
238,0.0,0.0,0.0,0.0,0.0,0.0,0.0,1.0,0.0,0.0,0.0,0.0,0.0,1.0,0.0,6.0,5.0,91.9,111.7,770.3,6.5,21.1,35.0,2.7,0.0,5.65
239,0.0,0.0,0.0,0.0,0.0,0.0,0.0,1.0,0.0,0.0,0.0,0.0,0.0,1.0,0.0,4.0,5.0,91.1,132.3,812.1,12.5,15.9,38.0,5.4,0.0,1.75
240,0.0,0.0,0.0,0.0,0.0,0.0,0.0,1.0,0.0,0.0,0.0,0.0,0.0,1.0,0.0,4.0,5.0,91.1,132.3,812.1,12.5,16.4,27.0,3.6,0.0,0.0
241,0.0,0.0,0.0,0.0,0.0,0.0,0.0,1.0,0.0,0.0,1.0,0.0,0.0,0.0,0.0,6.0,5.0,91.2,94.3,744.4,8.4,16.8,47.0,4.9,0.0,12.64
242,0.0,0.0,0.0,1.0,0.0,0.0,0.0,0.0,0.0,0.0,0.0,0.0,0.0,0.0,1.0,3.0,4.0,91.9,133.6,520.5,8.0,14.2,58.0,4.0,0.0,0.0
243,0.0,1.0,0.0,0.0,0.0,0.0,0.0,0.0,0.0,0.0,0.0,1.0,0.0,0.0,0.0,4.0,5.0,92.0,203.2,664.5,8.1,10.4,75.0,0.9,0.0,0.0
244,0.0,1.0,0.0,0.0,0.0,0.0,0.0,0.0,0.0,0.0,0.0,0.0,1.0,0.0,0.0,5.0,4.0,94.8,222.4,698.6,13.9,20.3,42.0,2.7,0.0,0.0
245,0.0,1.0,0.0,0.0,0.0,0.0,0.0,0.0,0.0,1.0,0.0,0.0,0.0,0.0,0.0,8.0,6.0,92.1,207.0,672.6,8.2,21.1,54.0,2.2,0.0,0.0
246,0.0,0.0,0.0,1.0,0.0,0.0,0.0,0.0,0.0,0.0,0.0,0.0,0.0,0.0,1.0,5.0,4.0,93.7,101.3,458.8,11.9,19.3,39.0,7.2,0.0,7.73
247,0.0,1.0,0.0,0.0,0.0,0.0,0.0,0.0,0.0,0.0,0.0,0.0,1.0,0.0,0.0,8.0,6.0,90.7,194.1,643.0,6.8,16.2,63.0,2.7,0.0,16.33
248,0.0,1.0,0.0,0.0,0.0,0.0,0.0,0.0,0.0,0.0,0.0,1.0,0.0,0.0,0.0,2.0,4.0,91.6,181.3,613.0,7.6,20.9,50.0,2.2,0.0,16.0
249,0.0,1.0,0.0,0.0,0.0,0.0,0.0,0.0,1.0,0.0,0.0,0.0,0.0,0.0,0.0,7.0,4.0,94.8,227.0,706.7,12.0,23.3,34.0,3.1,0.0,0.0
250,0.0,0.0,0.0,0.0,0.0,0.0,0.0,1.0,0.0,0.0,0.0,1.0,0.0,0.0,0.0,4.0,3.0,90.5,96.7,750.5,11.4,20.4,55.0,4.9,0.0,3.64
251,0.0,1.0,0.0,0.0,0.0,0.0,0.0,0.0,0.0,0.0,0.0,1.0,0.0,0.0,0.0,5.0,6.0,91.6,181.3,613.0,7.6,24.3,33.0,3.6,0.0,3.63
252,0.0,0.0,0.0,0.0,1.0,0.0,0.0,0.0,0.0,0.0,0.0,0.0,0.0,0.0,1.0,9.0,5.0,93.3,49.5,297.7,14.0,28.0,34.0,4.5,0.0,0.0
253,0.0,0.0,0.0,0.0,1.0,0.0,0.0,0.0,0.0,0.0,0.0,0.0,0.0,0.0,1.0,9.0,5.0,93.3,49.5,297.7,14.0,28.0,34.0,4.5,0.0,8.16
254,0.0,0.0,0.0,0.0,0.0,0.0,0.0,1.0,0.0,0.0,0.0,0.0,1.0,0.0,0.0,3.0,4.0,91.1,88.2,731.7,8.3,22.8,46.0,4.0,0.0,4.95
255,0.0,1.0,0.0,0.0,0.0,0.0,0.0,0.0,0.0,0.0,0.0,0.0,1.0,0.0,0.0,8.0,6.0,90.7,194.1,643.0,6.8,21.3,41.0,3.6,0.0,0.0
256,0.0,0.0,0.0,0.0,0.0,0.0,0.0,1.0,0.0,0.0,0.0,0.0,0.0,0.0,1.0,2.0,4.0,87.9,84.8,725.1,3.7,21.8,34.0,2.2,0.0,6.04
257,0.0,0.0,0.0,1.0,0.0,0.0,0.0,0.0,0.0,0.0,0.0,0.0,0.0,1.0,0.0,1.0,4.0,92.3,96.2,450.2,12.1,23.4,31.0,5.4,0.0,0.0
258,0.0,0.0,0.0,1.0,0.0,0.0,0.0,0.0,0.0,1.0,0.0,0.0,0.0,0.0,0.0,9.0,4.0,92.3,92.1,442.1,9.8,22.8,27.0,4.5,0.0,1.63
259,0.0,1.0,0.0,0.0,0.0,0.0,0.0,0.0,0.0,0.0,1.0,0.0,0.0,0.0,0.0,7.0,5.0,93.7,231.1,715.1,8.4,26.4,33.0,3.6,0.0,0.0
260,0.0,1.0,0.0,0.0,0.0,0.0,0.0,0.0,0.0,0.0,0.0,1.0,0.0,0.0,0.0,5.0,4.0,93.6,235.1,723.1,10.1,24.1,50.0,4.0,0.0,0.0
261,0.0,0.0,0.0,1.0,0.0,0.0,0.0,0.0,0.0,0.0,0.0,0.0,0.0,1.0,0.0,6.0,3.0,92.7,164.1,575.8,8.9,26.3,39.0,3.1,0.0,7.02
262,0.0,1.0,0.0,0.0,0.0,0.0,0.0,0.0,0.0,0.0,0.0,1.0,0.0,0.0,0.0,2.0,4.0,92.0,203.2,664.5,8.1,24.9,42.0,5.4,0.0,2.44
263,0.0,1.0,0.0,0.0,0.0,0.0,0.0,0.0,0.0,0.0,0.0,1.0,0.0,0.0,0.0,2.0,5.0,91.6,181.3,613.0,7.6,24.8,36.0,4.0,0.0,3.05
264,0.0,0.0,0.0,0.0,0.0,0.0,0.0,1.0,0.0,0.0,1.0,0.0,0.0,0.0,0.0,1.0,3.0,91.2,94.3,744.4,8.4,22.3,48.0,4.0,0.0,0.72
265,0.0,1.0,0.0,0.0,0.0,0.0,0.0,0.0,0.0,0.0,1.0,0.0,0.0,0.0,0.0,8.0,6.0,93.7,231.1,715.1,8.4,26.9,31.0,3.6,0.0,4.96
266,0.0,1.0,0.0,0.0,0.0,0.0,0.0,0.0,0.0,0.0,0.0,0.0,1.0,0.0,0.0,8.0,6.0,91.6,248.4,753.8,6.3,20.4,56.0,2.2,0.0,0.0
267,0.0,1.0,0.0,0.0,0.0,0.0,0.0,0.0,0.0,1.0,0.0,0.0,0.0,0.0,0.0,2.0,4.0,92.1,207.0,672.6,8.2,27.9,33.0,2.2,0.0,2.35
268,0.0,1.0,0.0,0.0,0.0,0.0,0.0,0.0,0.0,0.0,0.0,0.0,1.0,0.0,0.0,1.0,3.0,94.8,222.4,698.6,13.9,26.2,34.0,5.8,0.0,0.0
269,0.0,1.0,0.0,0.0,0.0,0.0,0.0,0.0,0.0,0.0,0.0,1.0,0.0,0.0,0.0,3.0,4.0,91.6,181.3,613.0,7.6,24.6,44.0,4.0,0.0,3.2
270,0.0,1.0,0.0,0.0,0.0,0.0,0.0,0.0,0.0,0.0,1.0,0.0,0.0,0.0,0.0,1.0,3.0,92.1,178.0,605.3,9.6,23.3,40.0,4.0,0.0,6.36
271,0.0,1.0,0.0,0.0,0.0,0.0,0.0,0.0,0.0,0.0,0.0,0.0,1.0,0.0,0.0,8.0,6.0,94.8,222.4,698.6,13.9,23.9,38.0,6.7,0.0,0.0
272,0.0,1.0,0.0,0.0,0.0,0.0,0.0,0.0,0.0,0.0,0.0,1.0,0.0,0.0,0.0,2.0,4.0,93.6,235.1,723.1,10.1,20.9,66.0,4.9,0.0,15.34
273,0.0,0.0,0.0,1.0,0.0,0.0,0.0,0.0,0.0,0.0,1.0,0.0,0.0,0.0,0.0,2.0,5.0,90.8,84.7,376.6,5.6,23.8,51.0,1.8,0.0,0.0
274,0.0,1.0,0.0,0.0,0.0,0.0,0.0,0.0,0.0,1.0,0.0,0.0,0.0,0.0,0.0,8.0,6.0,92.1,207.0,672.6,8.2,26.8,35.0,1.3,0.0,0.54
275,0.0,1.0,0.0,0.0,0.0,0.0,0.0,0.0,0.0,0.0,1.0,0.0,0.0,0.0,0.0,2.0,5.0,93.7,231.1,715.1,8.4,23.6,53.0,4.0,0.0,6.43
276,0.0,0.0,0.0,0.0,0.0,0.0,0.0,1.0,1.0,0.0,0.0,0.0,0.0,0.0,0.0,1.0,3.0,91.1,91.3,738.1,7.2,19.1,46.0,2.2,0.0,0.33
277,0.0,1.0,0.0,0.0,0.0,0.0,0.0,0.0,0.0,1.0,0.0,0.0,0.0,0.0,0.0,8.0,6.0,92.1,207.0,672.6,8.2,25.5,29.0,1.8,0.0,1.23
278,1.0,0.0,0.0,0.0,0.0,0.0,0.0,0.0,0.0,1.0,0.0,0.0,0.0,0.0,0.0,6.0,5.0,87.9,24.9,41.6,3.7,10.9,64.0,3.1,0.0,3.35
279,0.0,1.0,0.0,0.0,0.0,0.0,0.0,0.0,0.0,0.0,0.0,1.0,0.0,0.0,0.0,5.0,5.0,94.0,47.9,100.7,10.7,17.3,80.0,4.5,0.0,0.0
280,0.0,1.0,0.0,0.0,0.0,0.0,0.0,0.0,0.0,0.0,0.0,1.0,0.0,0.0,0.0,6.0,5.0,92.0,203.2,664.5,8.1,19.1,70.0,2.2,0.0,0.0
281,0.0,1.0,0.0,0.0,0.0,0.0,0.0,0.0,0.0,0.0,0.0,1.0,0.0,0.0,0.0,7.0,4.0,91.6,181.3,613.0,7.6,19.3,61.0,4.9,0.0,0.0
282,0.0,1.0,0.0,0.0,0.0,0.0,0.0,0.0,0.0,1.0,0.0,0.0,0.0,0.0,0.0,7.0,4.0,91.5,238.2,730.6,7.5,17.7,65.0,4.0,0.0,0.0
283,0.0,1.0,0.0,0.0,0.0,0.0,0.0,0.0,0.0,0.0,0.0,0.0,1.0,0.0,0.0,3.0,4.0,91.6,248.4,753.8,6.3,16.8,56.0,3.1,0.0,0.0
284,0.0,0.0,0.0,1.0,0.0,0.0,0.0,0.0,0.0,1.0,0.0,0.0,0.0,0.0,0.0,3.0,4.0,94.6,160.0,567.2,16.7,17.9,48.0,2.7,0.0,0.0
285,0.0,1.0,0.0,0.0,0.0,0.0,0.0,0.0,0.0,0.0,0.0,0.0,1.0,0.0,0.0,2.0,4.0,91.6,248.4,753.8,6.3,16.6,59.0,2.7,0.0,0.0
286,0.0,1.0,0.0,0.0,0.0,0.0,0.0,0.0,0.0,0.0,1.0,0.0,0.0,0.0,0.0,8.0,6.0,93.7,231.1,715.1,8.4,18.9,64.0,4.9,0.0,3.32
287,0.0,1.0,0.0,0.0,0.0,0.0,0.0,0.0,0.0,0.0,1.0,0.0,0.0,0.0,0.0,2.0,5.0,93.7,231.1,715.1,8.4,18.9,64.0,4.9,0.0,0.0
288,0.0,1.0,0.0,0.0,0.0,0.0,0.0,0.0,0.0,0.0,1.0,0.0,0.0,0.0,0.0,8.0,6.0,93.7,231.1,715.1,8.4,18.9,64.0,4.9,0.0,0.0
289,0.0,0.0,0.0,0.0,0.0,1.0,0.0,0.0,0.0,1.0,0.0,0.0,0.0,0.0,0.0,6.0,5.0,87.2,15.1,36.9,7.1,10.2,45.0,5.8,0.0,3.18
290,0.0,0.0,0.0,0.0,0.0,1.0,0.0,0.0,0.0,0.0,0.0,0.0,0.0,0.0,1.0,3.0,4.0,90.2,18.5,41.1,7.3,11.2,41.0,5.4,0.0,5.55
291,0.0,0.0,0.0,0.0,0.0,1.0,0.0,0.0,0.0,0.0,0.0,0.0,1.0,0.0,0.0,6.0,5.0,91.3,20.6,43.5,8.5,13.3,27.0,3.6,0.0,6.61
292,0.0,0.0,0.0,0.0,1.0,0.0,0.0,0.0,0.0,1.0,0.0,0.0,0.0,0.0,0.0,8.0,3.0,88.2,96.2,229.0,4.7,14.3,79.0,4.0,0.0,1.94
293,0.0,0.0,0.0,0.0,1.0,0.0,0.0,0.0,0.0,0.0,0.0,0.0,1.0,0.0,0.0,4.0,3.0,93.0,103.8,316.7,10.8,26.4,35.0,2.7,0.0,10.08
294,0.0,0.0,0.0,1.0,0.0,0.0,0.0,0.0,0.0,0.0,0.0,0.0,1.0,0.0,0.0,4.0,3.0,93.5,85.3,395.0,9.9,27.2,28.0,1.3,0.0,1.76
295,0.0,0.0,0.0,1.0,0.0,0.0,0.0,0.0,0.0,0.0,0.0,1.0,0.0,0.0,0.0,4.0,3.0,93.7,101.3,423.4,14.7,26.1,45.0,4.0,0.0,7.36
296,0.0,0.0,0.0,1.0,0.0,0.0,0.0,0.0,0.0,0.0,0.0,1.0,0.0,0.0,0.0,7.0,4.0,93.7,101.3,423.4,14.7,18.2,82.0,4.5,0.0,2.21
297,0.0,0.0,0.0,1.0,0.0,0.0,0.0,0.0,0.0,0.0,0.0,0.0,1.0,0.0,0.0,4.0,3.0,93.2,114.4,560.0,9.5,30.2,22.0,4.9,0.0,0.0
298,0.0,1.0,0.0,0.0,0.0,0.0,0.0,0.0,0.0,0.0,0.0,1.0,0.0,0.0,0.0,3.0,4.0,94.9,130.3,587.1,14.1,23.4,40.0,5.8,0.0,1.29
299,0.0,1.0,0.0,0.0,0.0,0.0,0.0,0.0,0.0,0.0,0.0,1.0,0.0,0.0,0.0,8.0,6.0,94.9,130.3,587.1,14.1,31.0,27.0,5.4,0.0,0.0
300,0.0,1.0,0.0,0.0,0.0,0.0,0.0,0.0,0.0,0.0,0.0,0.0,0.0,1.0,0.0,5.0,4.0,95.1,141.3,605.8,17.7,24.1,43.0,6.3,0.0,2.0
301,0.0,1.0,0.0,0.0,0.0,0.0,0.0,0.0,0.0,0.0,0.0,0.0,0.0,1.0,0.0,5.0,4.0,95.1,141.3,605.8,17.7,26.4,34.0,3.6,0.0,16.4
302,0.0,1.0,0.0,0.0,0.0,0.0,0.0,0.0,0.0,0.0,0.0,0.0,0.0,0.0,1.0,4.0,4.0,95.1,141.3,605.8,17.7,20.6,58.0,1.3,0.0,0.0
303,0.0,1.0,0.0,0.0,0.0,0.0,0.0,0.0,0.0,0.0,0.0,0.0,0.0,0.0,1.0,4.0,4.0,95.1,141.3,605.8,17.7,28.7,33.0,4.0,0.0,0.0
304,0.0,1.0,0.0,0.0,0.0,0.0,0.0,0.0,0.0,0.0,0.0,0.0,1.0,0.0,0.0,4.0,4.0,95.8,152.0,624.1,13.8,32.4,21.0,4.5,0.0,0.0
305,0.0,1.0,0.0,0.0,0.0,0.0,0.0,0.0,1.0,0.0,0.0,0.0,0.0,0.0,0.0,1.0,3.0,95.9,158.0,633.6,11.3,32.4,27.0,2.2,0.0,0.0
306,0.0,1.0,0.0,0.0,0.0,0.0,0.0,0.0,0.0,0.0,1.0,0.0,0.0,0.0,0.0,6.0,6.0,96.0,164.0,643.0,14.0,30.8,30.0,4.9,0.0,8.59
307,0.0,1.0,0.0,0.0,0.0,0.0,0.0,0.0,0.0,1.0,0.0,0.0,0.0,0.0,0.0,6.0,6.0,96.2,175.5,661.8,16.8,23.9,42.0,2.2,0.0,0.0
308,0.0,1.0,0.0,0.0,0.0,0.0,0.0,0.0,0.0,1.0,0.0,0.0,0.0,0.0,0.0,4.0,5.0,96.2,175.5,661.8,16.8,32.6,26.0,3.1,0.0,2.77
309,0.0,1.0,0.0,0.0,0.0,0.0,0.0,0.0,0.0,0.0,0.0,0.0,0.0,1.0,0.0,3.0,4.0,96.1,181.1,671.2,14.3,32.3,27.0,2.2,0.0,14.68
310,0.0,1.0,0.0,0.0,0.0,0.0,0.0,0.0,1.0,0.0,0.0,0.0,0.0,0.0,0.0,2.0,4.0,91.0,166.9,752.6,7.1,25.9,41.0,3.6,0.0,0.0
311,0.0,1.0,0.0,0.0,0.0,0.0,0.0,0.0,1.0,0.0,0.0,0.0,0.0,0.0,0.0,6.0,5.0,91.0,166.9,752.6,7.1,18.2,62.0,5.4,0.0,0.43
312,0.0,1.0,0.0,0.0,0.0,0.0,0.0,0.0,0.0,0.0,1.0,0.0,0.0,0.0,0.0,1.0,4.0,94.4,146.0,614.7,11.3,25.6,42.0,4.0,0.0,0.0
